,tokens_num,unknown_tokens_num
count,9437.0,9437.0
mean,12.926565645862032,0.32626894140086893
std,4.419624024132215,0.5789161506080165
min,1.0,0.0
25%,10.0,0.0
50%,12.0,0.0
75%,16.0,1.0
max,47.0,4.0
